ANO,COMPETÊNCIA,MACROREGIÃO,UF,CÓDIGO DO MUNICÍPIO,MUNICÍPIO,CNES,NOME FANTASIA,RAZÃO SOCIAL,CNPJ DO ESTABELECIMENTO,CNPJ DA MANTENEDORA,ATIVIDADE PRINCIPAL,ATENDIMENTO PRESTADO,TIPO DO ESTABELECIMENTO,SUBTIPO DO ESTABELECIMENTO,TIPO NOVO DO ESTABELECIMENTO,NATUREZA JURÍDICA CATEGORIA,NATUREZA JURÍDICA,GESTÃO,CONVÊNIO SUS,NÍVEL DE ATENÇÃO,TURNO DE ATENDIMENTO,LEITOS EXISTENTES,LEITOS SUS,STATUS DO ESTABELECIMENTO,LOGRADOURO,COMPLEMENTO DO ENDEREÇO,TELEFONE,CEP,BAIRRO,E-MAIL,DIRETOR RESPONSÁVEL,DATA DO CADASTRO,DATA DE DESATIVAÇÃO,location,latitude,longitude
2026,2026/04,NORDESTE,MA,211130,SAO LUIS,2456834,CENTRO DE SAUDE QUEBRA POTE,SECRETARIA MUNICIPAL DE SAUDE,,05.760.293/0001-29,012 ATENCAO BASICA,"SUS|AMBULATORIAL, SUS|SADT",02 CENTRO DE SAUDE/UNIDADE BASICA,,001 UNIDADE BASICA DE SAUDE,PÚBLICO,1031 ORGAO PUBLICO DO PODER EXECUTIVO MUNICIPAL,MUNICIPAL,SIM,"AMBULATORIAL - 01 ATENCAO BASICA, AMBULATORIAL - 02 MEDIA COMPLEXIDADE",03 ATENDIMENTOS NOS TURNOS DA MANHA E A TARDE,-,-,ATIVO,PRACA DO CEMITERIO - S/N,,,65010-000,QUEBRA POTE,leticiamonroe2@gmail.com,LETICIA DE KASSIA COSTA FERES,02/06/2004,-,"-2.6923404,-44.2155818",-2.6923404,-44.2155818
2026,2026/04,NORDESTE,MA,211130,SAO LUIS,2455838,CENTRO DE SAUDE DO JOAO PAULO,SECRETARIA MUNICIPAL DE SAUDE,,05.760.293/0001-29,012 ATENCAO BASICA,SUS|AMBULATORIAL,02 CENTRO DE SAUDE/UNIDADE BASICA,,001 UNIDADE BASICA DE SAUDE,PÚBLICO,1031 ORGAO PUBLICO DO PODER EXECUTIVO MUNICIPAL,MUNICIPAL,SIM,AMBULATORIAL - 01 ATENCAO BASICA,03 ATENDIMENTOS NOS TURNOS DA MANHA E A TARDE,-,-,ATIVO,RUA GOSTINHO TORRES - S/N,,,65040-150,JOAO PAULO,centrodesaudejoaopaulogestor@gmail.com,VITOR DOUGLAS PEREIRA DE CASTRO,15/04/2004,-,"-2.5445474322498587,-44.273101187415165",-2.5445474322498587,-44.273101187415165
2026,2026/04,NORDESTE,MA,211130,SAO LUIS,2645807,CENTRO DE SAUDE SANTA EFIGENIA,SECRETARIA MUNICIPAL DE SAUDE,,05.760.293/0001-29,012 ATENCAO BASICA,SUS|AMBULATORIAL,02 CENTRO DE SAUDE/UNIDADE BASICA,,001 UNIDADE BASICA DE SAUDE,PÚBLICO,1031 ORGAO PUBLICO DO PODER EXECUTIVO MUNICIPAL,MUNICIPAL,SIM,"AMBULATORIAL - 01 ATENCAO BASICA, AMBULATORIAL - 02 MEDIA COMPLEXIDADE",03 ATENDIMENTOS NOS TURNOS DA MANHA E A TARDE,-,-,ATIVO,RUA TANCREDO NEVES - S/N,,,65010-000,SANTA EFIGENIA,santaefigeniausf@gmail.com,ANTONIA MARIA SANTOS DO LAGO,25/11/2002,-,"-2.576758213711975,-44.19195808377194",-2.576758213711975,-44.19195808377194
2026,2026/04,NORDESTE,MA,211130,SAO LUIS,2309440,CENTRO DE SAUDE ITAPERA,SECRETARIA MUNICIPAL DE SAUDE,,05.760.293/0001-29,012 ATENCAO BASICA,SUS|AMBULATORIAL,02 CENTRO DE SAUDE/UNIDADE BASICA,,001 UNIDADE BASICA DE SAUDE,PÚBLICO,1031 ORGAO PUBLICO DO PODER EXECUTIVO MUNICIPAL,MUNICIPAL,SIM,"AMBULATORIAL - 01 ATENCAO BASICA, AMBULATORIAL - 02 MEDIA COMPLEXIDADE",03 ATENDIMENTOS NOS TURNOS DA MANHA E A TARDE,-,-,ATIVO,RUA PRINCIPAL - 21,,,65010-000,ITAPERA,fabiannaadm@hotmail.com,FABIANNA ALBUQUERQUE DA SILVA,02/06/2004,-,"-2.678204820715199,-44.27637353827428",-2.678204820715199,-44.27637353827428
2026,2026/04,NORDESTE,MA,211130,SAO LUIS,2698005,CENTRO DE SAUDE DR JOSE RIBAMAR FRAZAO CORREA,SECRETARIA MUNICIPAL DE SAUDE,,05.760.293/0001-29,012 ATENCAO BASICA,SUS|AMBULATORIAL,02 CENTRO DE SAUDE/UNIDADE BASICA,,001 UNIDADE BASICA DE SAUDE,PÚBLICO,1031 ORGAO PUBLICO DO PODER EXECUTIVO MUNICIPAL,MUNICIPAL,SIM,"AMBULATORIAL - 01 ATENCAO BASICA, AMBULATORIAL - 02 MEDIA COMPLEXIDADE",03 ATENDIMENTOS NOS TURNOS DA MANHA E A TARDE,-,-,ATIVO,RUA TANCREDO NEVES - S/N,,(98) 3241-5803,65010-000,NOVA REPUBLICA,ilmaralima0808@gmail.com,FRANCISCA ILMARA LIMA DE SOUZA,03/09/2003,-,"-2.6422066246014846,-44.27605244740161",-2.6422066246014846,-44.27605244740161
2026,2026/04,NORDESTE,MA,211130,SAO LUIS,2697971,CENTRO DE SAUDE DJALMA MARQUES,SECRETARIA MUNICIPAL DE SAUDE,,05.760.293/0001-29,012 ATENCAO BASICA,SUS|AMBULATORIAL,02 CENTRO DE SAUDE/UNIDADE BASICA,,001 UNIDADE BASICA DE SAUDE,PÚBLICO,1031 ORGAO PUBLICO DO PODER EXECUTIVO MUNICIPAL,MUNICIPAL,SIM,AMBULATORIAL - 01 ATENCAO BASICA,03 ATENDIMENTOS NOS TURNOS DA MANHA E A TARDE,-,-,ATIVO,AV 01 - S/N,,,65065-680,TURU,hildafernandesbarreto2014@gmail.com,HILDA FERNANDES DE SOUSA,03/09/2003,-,"-2.5240511428916443,-44.21658153251017",-2.5240511428916443,-44.21658153251017
2026,2026/04,NORDESTE,MA,211130,SAO LUIS,3376265,CENTRO DE SAUDE VILA EMBRATEL,SECRETARIA MUNICIPAL DE SAUDE,,05.760.293/0001-29,012 ATENCAO BASICA,SUS|AMBULATORIAL,02 CENTRO DE SAUDE/UNIDADE BASICA,,001 UNIDADE BASICA DE SAUDE,PÚBLICO,1031 ORGAO PUBLICO DO PODER EXECUTIVO MUNICIPAL,MUNICIPAL,SIM,"AMBULATORIAL - 01 ATENCAO BASICA, AMBULATORIAL - 02 MEDIA COMPLEXIDADE",03 ATENDIMENTOS NOS TURNOS DA MANHA E A TARDE,-,-,ATIVO,RUA 14 - S/N,,(098) 3212-8913,65010-000,VILA EMBRATEL,ubsvilaembratel@gmail.com,DIEGO RAI DE AZEVEDO COSTA,04/02/2005,-,"-2.569615550253985,-44.30984275401932",-2.569615550253985,-44.30984275401932
2026,2026/04,NORDESTE,MA,211130,SAO LUIS,2458780,CENTRO DE SAUDE DO TIBIRI,SECRETARIA MUNICIPAL DE SAUDE,,05.760.293/0001-29,012 ATENCAO BASICA,SUS|AMBULATORIAL,02 CENTRO DE SAUDE/UNIDADE BASICA,,001 UNIDADE BASICA DE SAUDE,PÚBLICO,1031 ORGAO PUBLICO DO PODER EXECUTIVO MUNICIPAL,MUNICIPAL,SIM,"AMBULATORIAL - 01 ATENCAO BASICA, AMBULATORIAL - 02 MEDIA COMPLEXIDADE",03 ATENDIMENTOS NOS TURNOS DA MANHA E A TARDE,-,-,ATIVO,RUA PRINCIPAL - S/N,,(98)2417355,65095-820,TIBIRI,ingrid.sousandrade@gmail.com,INGRID SOUSA ANDRADE,26/12/2003,-,"-2.612061100986133,-44.2470294728033",-2.612061100986133,-44.2470294728033
2026,2026/04,NORDESTE,MA,211130,SAO LUIS,2645750,CENTRO DE SAUDE JAILSON ALVES VIANA OLIMPICA III,MUNICIPIO DE SAO LUIS SECRETARIA MUNICIPAL DE SAUDE,,05.760.293/0001-29,012 ATENCAO BASICA,SUS|AMBULATORIAL,02 CENTRO DE SAUDE/UNIDADE BASICA,,001 UNIDADE BASICA DE SAUDE,PÚBLICO,1031 ORGAO PUBLICO DO PODER EXECUTIVO MUNICIPAL,MUNICIPAL,SIM,"AMBULATORIAL - 01 ATENCAO BASICA, AMBULATORIAL - 02 MEDIA COMPLEXIDADE",03 ATENDIMENTOS NOS TURNOS DA MANHA E A TARDE,-,-,ATIVO,AVENIDA 04 - S/N,QUADRA 101,(098) 3276-6039,65050-000,CIDADE OLIMPICA,dayanakelly19@gmail.com,DAYANA KELLY PEREIRA CRAVEIRO DO NASCIMENTO,25/11/2002,-,"-2.6067972784611344,-44.18562108716156",-2.6067972784611344,-44.18562108716156
2026,2026/04,NORDESTE,MA,211130,SAO LUIS,2881314,CLINICA DA FAMILIA MORADA DO SOL,MUNICIPIO DE SAO LUIS SECRETARIA MUNICIPAL DE SAUDE,,05.760.293/0001-29,012 ATENCAO BASICA,"SUS|AMBULATORIAL, SUS|SADT",02 CENTRO DE SAUDE/UNIDADE BASICA,,001 UNIDADE BASICA DE SAUDE,PÚBLICO,1031 ORGAO PUBLICO DO PODER EXECUTIVO MUNICIPAL,MUNICIPAL,SIM,"AMBULATORIAL - 01 ATENCAO BASICA, AMBULATORIAL - 02 MEDIA COMPLEXIDADE",03 ATENDIMENTOS NOS TURNOS DA MANHA E A TARDE,-,-,ATIVO,RUA 10 - S/N,,,65010-000,MORAD DO SOL,luarcuri03@hotmail.com,LUCIANA CARVALHO ARCURI,07/04/2022,-,"-2.646422449932016,-44.29935038785313",-2.646422449932016,-44.29935038785313
2026,2026/04,NORDESTE,MA,211130,SAO LUIS,2309297,CENTRO DE SAUDE SAO RAIMUNDO,SECRETARIA MUNICIPAL DE SAUDE,,05.760.293/0001-29,012 ATENCAO BASICA,SUS|AMBULATORIAL,02 CENTRO DE SAUDE/UNIDADE BASICA,,001 UNIDADE BASICA DE SAUDE,PÚBLICO,1031 ORGAO PUBLICO DO PODER EXECUTIVO MUNICIPAL,MUNICIPAL,SIM,AMBULATORIAL - 01 ATENCAO BASICA,03 ATENDIMENTOS NOS TURNOS DA MANHA E A TARDE,-,-,ATIVO,AV SENADOR JOSE SARNEY - S/N,,(098) 3273-1257,65010-000,VILA MAURO FECURY II,rooseveltgestornassau@gmail.com,ROOSEVELT RIVIERA FELIX,30/10/2001,-,"-2.5500168541046593,-44.33085997676431",-2.5500168541046593,-44.33085997676431
2026,2026/04,NORDESTE,MA,211130,SAO LUIS,8181918,CENTRO DE SAUDE DIAMANTE,SECRETARIA MUNICIPAL DE SAUDE,,05.760.293/0001-29,012 ATENCAO BASICA,"SUS|AMBULATORIAL, SUS|SADT",02 CENTRO DE SAUDE/UNIDADE BASICA,,001 UNIDADE BASICA DE SAUDE,PÚBLICO,1031 ORGAO PUBLICO DO PODER EXECUTIVO MUNICIPAL,MUNICIPAL,SIM,"AMBULATORIAL - 01 ATENCAO BASICA, AMBULATORIAL - 02 MEDIA COMPLEXIDADE",03 ATENDIMENTOS NOS TURNOS DA MANHA E A TARDE,-,-,ATIVO,TRAVESSA DIRCEU - 36,,,65010-030,DIAMANTE,ludmilla2808@hotmail.com,LUDMILLA COSTA DIAS ABREU,26/03/2026,-,"-2.818,-44.1918",-2.818,-44.1918
2026,2026/04,NORDESTE,MA,211130,SAO LUIS,2702878,CENTRO DE SAUDE SANTA BARBARA,SECRETARIA MUNICIPAL DE SAUDE,,05.760.293/0001-29,012 ATENCAO BASICA,"SUS|AMBULATORIAL, SUS|SADT",02 CENTRO DE SAUDE/UNIDADE BASICA,,001 UNIDADE BASICA DE SAUDE,PÚBLICO,1031 ORGAO PUBLICO DO PODER EXECUTIVO MUNICIPAL,MUNICIPAL,SIM,"AMBULATORIAL - 01 ATENCAO BASICA, AMBULATORIAL - 02 MEDIA COMPLEXIDADE",03 ATENDIMENTOS NOS TURNOS DA MANHA E A TARDE,-,-,ATIVO,RUA PRINCIPAL - 180,,(98)32573417,65050-000,SANTA BARBARA,,DANDARA DAVILA ARANHA MATOS,02/09/2003,-,"-2.60337042420126,-44.2118391973621",-2.60337042420126,-44.2118391973621
2026,2026/04,NORDESTE,MA,211130,SAO LUIS,2456869,CENTRO DE SAUDE VILA BACANGA EMBRIAO,SECRETARIA MUNICIPAL DE SAUDE,,05.760.293/0001-29,012 ATENCAO BASICA,SUS|AMBULATORIAL,02 CENTRO DE SAUDE/UNIDADE BASICA,,001 UNIDADE BASICA DE SAUDE,PÚBLICO,1031 ORGAO PUBLICO DO PODER EXECUTIVO MUNICIPAL,MUNICIPAL,SIM,AMBULATORIAL - 01 ATENCAO BASICA,03 ATENDIMENTOS NOS TURNOS DA MANHA E A TARDE,-,-,ATIVO,AV DOS PORTUGUESES - S/N,,,65080-820,VILA BACANGA,daniellemesquita459@gmail.com,DANIELLE DE MESQUITA ARAUJO,01/04/2004,-,"-2.5561938542921947,-44.31182021404424",-2.5561938542921947,-44.31182021404424
2026,2026/04,NORDESTE,MA,211130,SAO LUIS,2645866,CENTRO DE SAUDE COQUEIRO,SECRETARIA MUNICIPAL DE SAUDE,,05.760.293/0001-29,012 ATENCAO BASICA,SUS|AMBULATORIAL,02 CENTRO DE SAUDE/UNIDADE BASICA,,001 UNIDADE BASICA DE SAUDE,PÚBLICO,1031 ORGAO PUBLICO DO PODER EXECUTIVO MUNICIPAL,MUNICIPAL,SIM,AMBULATORIAL - 01 ATENCAO BASICA,03 ATENDIMENTOS NOS TURNOS DA MANHA E A TARDE,-,-,ATIVO,AVENIDA COQUEIRO - 01,,,65020-150,COQUEIRO,wilcassis@hotmail.com,WILBER COSTA DE ASSIS,25/11/2002,-,"-2.7276744859525066,-44.35952201125836",-2.7276744859525066,-44.35952201125836
2026,2026/04,NORDESTE,MA,211130,SAO LUIS,2456923,CENTRO DE SAUDE DE PEDRINHAS II,SECRETARIA MUNICIPAL DE SAUDE,,05.760.293/0001-29,012 ATENCAO BASICA,"SUS|AMBULATORIAL, SUS|SADT",02 CENTRO DE SAUDE/UNIDADE BASICA,,001 UNIDADE BASICA DE SAUDE,PÚBLICO,1031 ORGAO PUBLICO DO PODER EXECUTIVO MUNICIPAL,MUNICIPAL,SIM,"AMBULATORIAL - 01 ATENCAO BASICA, AMBULATORIAL - 02 MEDIA COMPLEXIDADE",03 ATENDIMENTOS NOS TURNOS DA MANHA E A TARDE,-,-,ATIVO,RUA NOVA - S/N,,(098) 3241-5231,65095-000,PEDRINHAS,lohannasousa.18@hotmail.com,LOHANNA DA SILVA SOUSA BARROSO,01/04/2004,-,"-2.691778623685647,-44.30434244724972",-2.691778623685647,-44.30434244724972
2026,2026/04,NORDESTE,MA,211130,SAO LUIS,2645785,CENTRO DE SAUDE MARIA AYRECILA CIDADE OLIMPICA II,MUNICIPIO DE SAO LUIS SECRETARIA MUNICIPAL DE SAUDE,,05.760.293/0001-29,012 ATENCAO BASICA,SUS|AMBULATORIAL,02 CENTRO DE SAUDE/UNIDADE BASICA,,001 UNIDADE BASICA DE SAUDE,PÚBLICO,1031 ORGAO PUBLICO DO PODER EXECUTIVO MUNICIPAL,MUNICIPAL,SIM,"AMBULATORIAL - 01 ATENCAO BASICA, AMBULATORIAL - 02 MEDIA COMPLEXIDADE",03 ATENDIMENTOS NOS TURNOS DA MANHA E A TARDE,-,-,ATIVO,RUA 16 - 01,QUADRA 82 BL C,09832578765,65010-000,CIDADE OLIMPICA,liviapenha93@gmail.com,LIVIA ALVES DA PENHA,25/11/2002,-,"-2.594009468306554,-44.17993899166727",-2.594009468306554,-44.17993899166727
2026,2026/04,NORDESTE,MA,211130,SAO LUIS,2464624,CLINICA DA FAMILIA DO ANJO DA GUARDA,SECRETARIA MUNICIPAL DE SAUDE,,05.760.293/0001-29,012 ATENCAO BASICA,"SUS|AMBULATORIAL, SUS|SADT",02 CENTRO DE SAUDE/UNIDADE BASICA,,001 UNIDADE BASICA DE SAUDE,PÚBLICO,1031 ORGAO PUBLICO DO PODER EXECUTIVO MUNICIPAL,MUNICIPAL,SIM,"AMBULATORIAL - 01 ATENCAO BASICA, AMBULATORIAL - 02 MEDIA COMPLEXIDADE",03 ATENDIMENTOS NOS TURNOS DA MANHA E A TARDE,-,-,ATIVO,AVENIDA PRINCIPAL - S/N,,,65085-790,ANJO DA GUARDA,luanagsg@hotmail.com,LUANA GABRIELA DOS SANTOS GALVAO CUNHA,15/04/2004,-,"-2.5647562193436158,-44.33297485406862",-2.5647562193436158,-44.33297485406862
2026,2026/04,NORDESTE,MA,211130,SAO LUIS,9904638,UNIDADE BASICA DE SAUDE CINTRA,MUNICIPIO DE SAO LUIS SECRETARIA MUNICIPAL DE SAUDE,,05.760.293/0001-29,012 ATENCAO BASICA,SUS|AMBULATORIAL,02 CENTRO DE SAUDE/UNIDADE BASICA,,001 UNIDADE BASICA DE SAUDE,PÚBLICO,1031 ORGAO PUBLICO DO PODER EXECUTIVO MUNICIPAL,MUNICIPAL,SIM,"AMBULATORIAL - 01 ATENCAO BASICA, AMBULATORIAL - 02 MEDIA COMPLEXIDADE",03 ATENDIMENTOS NOS TURNOS DA MANHA E A TARDE,-,-,ATIVO,RUA DA COMPANHIA - 01,,,65045-230,ANIL,,NORANEY LEAL OLIVEIRA LEITE,07/09/2019,-,"-2.5444839051355443,-44.237876252617134",-2.5444839051355443,-44.237876252617134
2026,2026/04,NORDESTE,MA,211130,SAO LUIS,2308444,CENTRO DE SAUDE AMAR,SECRETARIA MUNICIPAL DE SAUDE,,05.760.293/0001-29,012 ATENCAO BASICA,"SUS|AMBULATORIAL, SUS|SADT",02 CENTRO DE SAUDE/UNIDADE BASICA,,001 UNIDADE BASICA DE SAUDE,PÚBLICO,1031 ORGAO PUBLICO DO PODER EXECUTIVO MUNICIPAL,MUNICIPAL,SIM,"AMBULATORIAL - 01 ATENCAO BASICA, AMBULATORIAL - 02 MEDIA COMPLEXIDADE",03 ATENDIMENTOS NOS TURNOS DA MANHA E A TARDE,-,-,ATIVO,RUA DEPUTADO LUIS ROCHA - 24,,,65070-290,VICENTE FIALHO,antonina.silva@hotmail.com,ANTONINA SILVA SANTOS,30/10/2001,-,"-2.5116108045512435,-44.236713363671555",-2.5116108045512435,-44.236713363671555
2026,2026/04,NORDESTE,MA,211130,SAO LUIS,4091426,UNIDADE PRISIONAL DE RESSOCIALIZACAO DE SAO LUIS UPR 2,SECRETARIA DE ESTADO DE ADMINISTRACAO PENITENCIARIA SEAP,,13.127.340/0001-20,001 CONSULTA AMBULATORIAL,SUS|AMBULATORIAL,02 CENTRO DE SAUDE/UNIDADE BASICA,,016 AMBULATORIO,PÚBLICO,1023 ORGAO PUBLICO DO PODER EXECUTIVO ESTADUAL OU DO DISTRITO FEDERAL,ESTADUAL,SIM,"AMBULATORIAL - 01 ATENCAO BASICA, AMBULATORIAL - 02 MEDIA COMPLEXIDADE",03 ATENDIMENTOS NOS TURNOS DA MANHA E A TARDE,-,-,ATIVO,BR 135 KM 13 - 1,,,65095-603,PEDRINHAS,,JADSON PINHEIRO FERREIRA,14/02/2023,-,"-2.531,-44.2972",-2.531,-44.2972
2026,2026/04,NORDESTE,MA,211130,SAO LUIS,3226387,CENTRO DE SAUDE DA VILA LOBAO,SECRETARIA MUNICIPAL DE SAUDE,,05.760.293/0001-29,012 ATENCAO BASICA,SUS|AMBULATORIAL,02 CENTRO DE SAUDE/UNIDADE BASICA,,001 UNIDADE BASICA DE SAUDE,PÚBLICO,1031 ORGAO PUBLICO DO PODER EXECUTIVO MUNICIPAL,MUNICIPAL,SIM,AMBULATORIAL - 01 ATENCAO BASICA,03 ATENDIMENTOS NOS TURNOS DA MANHA E A TARDE,-,-,ATIVO,ESTRADA DA VITORIA - 08,,,65046-070,VILA LOBAO,,ELIANE SILVA,02/09/2004,-,"-2.563613414969277,-44.243098012280825",-2.563613414969277,-44.243098012280825
2026,2026/04,NORDESTE,MA,211130,SAO LUIS,929417,CLINICA DA FAMILIA DO CENTRO,MUNICIPIO DE SAO LUIS SECRETRARIA MUNICIPAL DE SAUDE,,05.760.293/0001-29,012 ATENCAO BASICA,"SUS|AMBULATORIAL, SUS|SADT",02 CENTRO DE SAUDE/UNIDADE BASICA,,001 UNIDADE BASICA DE SAUDE,PÚBLICO,1031 ORGAO PUBLICO DO PODER EXECUTIVO MUNICIPAL,MUNICIPAL,SIM,"AMBULATORIAL - 01 ATENCAO BASICA, AMBULATORIAL - 02 MEDIA COMPLEXIDADE",03 ATENDIMENTOS NOS TURNOS DA MANHA E A TARDE,-,-,ATIVO,RUA OSWALDO CRUZ - 921,,,65051-630,CENTRO,,THAYRINE LARISSA MELONIO ALMEIDA,30/10/2021,-,"-2.530664640970709,-44.2953850236779",-2.530664640970709,-44.2953850236779
2026,2026/04,NORDESTE,MA,211130,SAO LUIS,2309289,CENTRO DE SAUDE COHAB ANIL,SECRETARIA MUNICIPAL DE SAUDE,,05.760.293/0001-29,012 ATENCAO BASICA,SUS|AMBULATORIAL,02 CENTRO DE SAUDE/UNIDADE BASICA,,001 UNIDADE BASICA DE SAUDE,PÚBLICO,1031 ORGAO PUBLICO DO PODER EXECUTIVO MUNICIPAL,MUNICIPAL,SIM,"AMBULATORIAL - 01 ATENCAO BASICA, AMBULATORIAL - 02 MEDIA COMPLEXIDADE",03 ATENDIMENTOS NOS TURNOS DA MANHA E A TARDE,-,-,ATIVO,RUA 4 - S/N,,,65010-000,IV CONJUNTO COHAB,enfermeirabrunnalima@gmail.com,BRUNNA DA SILVA LIMA PIRES,30/10/2001,-,"-2.5349738537756337,-44.217061749084834",-2.5349738537756337,-44.217061749084834
2026,2026/04,NORDESTE,MA,211130,SAO LUIS,2645777,UNIDADE DE SAUDE DA FAMILIA SANTA CLARA,SECRETARIA MUNICIPAL DE SAUDE,,05.760.293/0001-29,012 ATENCAO BASICA,SUS|AMBULATORIAL,02 CENTRO DE SAUDE/UNIDADE BASICA,,001 UNIDADE BASICA DE SAUDE,PÚBLICO,1031 ORGAO PUBLICO DO PODER EXECUTIVO MUNICIPAL,MUNICIPAL,SIM,"AMBULATORIAL - 01 ATENCAO BASICA, AMBULATORIAL - 02 MEDIA COMPLEXIDADE",03 ATENDIMENTOS NOS TURNOS DA MANHA E A TARDE,-,-,ATIVO,RUA LUCY SARNEY RUA UNIAO - S/N,,(098) 3257-2026,65010-000,SANTA CLARA,rbkati@bol.com,KATICILENE BRITO RODRIGUES,25/11/2002,-,"-2.5961219508164115,-44.1986014700842",-2.5961219508164115,-44.1986014700842
2026,2026/04,NORDESTE,MA,211130,SAO LUIS,2455803,CENTRO DE SAUDE JOAO DE DEUS,SECRETARIA MUNICIPAL DE SAUDE,,05.760.293/0001-29,012 ATENCAO BASICA,"SUS|AMBULATORIAL, SUS|SADT",02 CENTRO DE SAUDE/UNIDADE BASICA,,001 UNIDADE BASICA DE SAUDE,PÚBLICO,1031 ORGAO PUBLICO DO PODER EXECUTIVO MUNICIPAL,MUNICIPAL,SIM,"AMBULATORIAL - 01 ATENCAO BASICA, AMBULATORIAL - 02 MEDIA COMPLEXIDADE",03 ATENDIMENTOS NOS TURNOS DA MANHA E A TARDE,-,-,ATIVO,RUA GARDENIA GONCALVES - S/N,,,65059-680,JOAO DE DEUS,fernandacutrim@outlook.com,FERNANDA CUTRIM MORAES REGO OLIVEIRA,15/04/2004,-,"-2.5590897349972486,-44.23005228533638",-2.5590897349972486,-44.23005228533638
2026,2026/04,NORDESTE,MA,211130,SAO LUIS,5992982,CLINICA DA FAMILIA VILA MARANHAO,MUNICIPIO DE SAO LUIS SECRETARIA MUNICIPAL DE SAUDE,,05.760.293/0001-29,012 ATENCAO BASICA,"SUS|AMBULATORIAL, SUS|SADT",02 CENTRO DE SAUDE/UNIDADE BASICA,,001 UNIDADE BASICA DE SAUDE,PÚBLICO,1031 ORGAO PUBLICO DO PODER EXECUTIVO MUNICIPAL,MUNICIPAL,SIM,"AMBULATORIAL - 01 ATENCAO BASICA, AMBULATORIAL - 02 MEDIA COMPLEXIDADE",03 ATENDIMENTOS NOS TURNOS DA MANHA E A TARDE,-,-,ATIVO,CONJ RESIDECIAL VILA MARANHAO - S/N,,,65090-872,VILA MARANHAO,luanaslsilva@gmail.com,LUANA MARIA CARVALHO SILVA,23/10/2025,-,"-2.53599,-44.2972982",-2.53599,-44.2972982
2026,2026/04,NORDESTE,MA,211130,SAO LUIS,2455765,CLINICA DA FAMILIA DO SACAVEM,SECRETARIA MUNICIPAL DE SAUDE,,05.760.293/0001-29,012 ATENCAO BASICA,"SUS|AMBULATORIAL, SUS|SADT",02 CENTRO DE SAUDE/UNIDADE BASICA,,001 UNIDADE BASICA DE SAUDE,PÚBLICO,1031 ORGAO PUBLICO DO PODER EXECUTIVO MUNICIPAL,MUNICIPAL,SIM,AMBULATORIAL - 01 ATENCAO BASICA,03 ATENDIMENTOS NOS TURNOS DA MANHA E A TARDE,-,-,ATIVO,AVENIDA PRESIDENTE MEDICI - S/N,,(98)3243-2223,65040-410,SACAVEM,fernandolima2@hotmail.com,LUIS FERNANDO DA CUNHA LIMA,02/06/2004,-,"-2.5578223458788916,-44.261012570655836",-2.5578223458788916,-44.261012570655836
2026,2026/04,NORDESTE,MA,211130,SAO LUIS,2308797,CENTRO DE SAUDE DO RADIONAL,SECRETARIA MUNICIPAL DE SAUDE,,05.760.293/0001-29,012 ATENCAO BASICA,SUS|AMBULATORIAL,02 CENTRO DE SAUDE/UNIDADE BASICA,,001 UNIDADE BASICA DE SAUDE,PÚBLICO,1031 ORGAO PUBLICO DO PODER EXECUTIVO MUNICIPAL,MUNICIPAL,SIM,AMBULATORIAL - 01 ATENCAO BASICA,03 ATENDIMENTOS NOS TURNOS DA MANHA E A TARDE,-,-,ATIVO,RUA G - S/N,,,65047-550,RADIONAL,andreza.gomes1@hotmail.com,ANDREZA DA SILVA GOMES,30/10/2001,-,"-2.548090933327575,-44.250212995661094",-2.548090933327575,-44.250212995661094
2026,2026/04,NORDESTE,MA,211130,SAO LUIS,9784950,PROCURADORIA GERAL DA JUSTICA UNIDADE CONSULTORIO MEDICO,ESTADO DO MARANHAO PROCURADORIA GERAL,,05.483.912/0001-85,001 CONSULTA AMBULATORIAL,PLANO DE SAUDE PRIVADO|AMBULATORIAL,02 CENTRO DE SAUDE/UNIDADE BASICA,,016 AMBULATORIO,PÚBLICO,1171 ORGAO PUBLICO AUTONOMO ESTADUAL OU DO DISTRITO FEDERAL,ESTADUAL,NÃO,AMBULATORIAL - 02 MEDIA COMPLEXIDADE,03 ATENDIMENTOS NOS TURNOS DA MANHA E A TARDE,-,-,ATIVO,AV CARLOS CUNHA - S/N,,,65076-280,JACARACATY,marconisat@ig.com.br,MARCONI SATUF AMARAL,26/05/2019,-,"-2.51,-44.287",-2.51,-44.287
2026,2026/04,NORDESTE,MA,211130,SAO LUIS,3576566,CENTRO DE SAUDE MARIA DE LOURDES RODRIGUES,SECRETARIA MUNICIPAL DE SAUDE,,05.760.293/0001-29,012 ATENCAO BASICA,SUS|AMBULATORIAL,02 CENTRO DE SAUDE/UNIDADE BASICA,,001 UNIDADE BASICA DE SAUDE,PÚBLICO,1031 ORGAO PUBLICO DO PODER EXECUTIVO MUNICIPAL,MUNICIPAL,SIM,"AMBULATORIAL - 01 ATENCAO BASICA, AMBULATORIAL - 02 MEDIA COMPLEXIDADE",03 ATENDIMENTOS NOS TURNOS DA MANHA E A TARDE,-,-,ATIVO,RUA BOM JARDIM - 385,LOTE 01,(098) 3241-7843,65010-000,RIO GRANDE,socorro.m.enf@gmail.com,MARIA DO SOCORRO DE SOUSA MOREIRA,11/10/2005,-,"-2.653588685306232,-44.29251502960687",-2.653588685306232,-44.29251502960687
2026,2026/04,NORDESTE,MA,211130,SAO LUIS,2309270,CENTRO DE SAUDE LAURA VASCONCELOS,SECRETARIA MUNICIPAL DE SAUDE,,05.760.293/0001-29,012 ATENCAO BASICA,"SUS|AMBULATORIAL, SUS|SADT",02 CENTRO DE SAUDE/UNIDADE BASICA,,001 UNIDADE BASICA DE SAUDE,PÚBLICO,1031 ORGAO PUBLICO DO PODER EXECUTIVO MUNICIPAL,MUNICIPAL,SIM,"AMBULATORIAL - 01 ATENCAO BASICA, AMBULATORIAL - 02 MEDIA COMPLEXIDADE",03 ATENDIMENTOS NOS TURNOS DA MANHA E A TARDE,-,-,ATIVO,BR 135 KM 23 - S/N,,3241-9754/3241-4638,65010-000,ESTIVA,,HELEN CRISTINA DA SILVA PALAVRA,02/06/2004,-,"-2.757453331246194,-44.35195673836537",-2.757453331246194,-44.35195673836537
2026,2026/04,NORDESTE,MA,211130,SAO LUIS,2645793,U S F ANTONIO CARLOS SOUSA REIS OLIMPICA I,MUNICIPIO DE SAO LUIS SECRETARIA MUNICIPAL DE SAUDE,,05.760.293/0001-29,012 ATENCAO BASICA,SUS|AMBULATORIAL,02 CENTRO DE SAUDE/UNIDADE BASICA,,001 UNIDADE BASICA DE SAUDE,PÚBLICO,1031 ORGAO PUBLICO DO PODER EXECUTIVO MUNICIPAL,MUNICIPAL,SIM,"AMBULATORIAL - 01 ATENCAO BASICA, AMBULATORIAL - 02 MEDIA COMPLEXIDADE",03 ATENDIMENTOS NOS TURNOS DA MANHA E A TARDE,-,-,ATIVO,RUA DOIS - S/N,QUADRA 64 BL 4,(098) 3257-6427,65058-508,CIDADE OLIMPICA,,FERNANDA MENDES DE MORAES,25/11/2002,-,"-2.597464779977909,-44.187282353155396",-2.597464779977909,-44.187282353155396
2026,2026/04,NORDESTE,MA,211130,SAO LUIS,6929389,UNIDADE PRISIONAL SAO LUIS 5,SECRETARIA DE JUSTICA E ADMINISTRACAO PENITENCIARIA,,13.127.340/0001-20,001 CONSULTA AMBULATORIAL,SUS|AMBULATORIAL,02 CENTRO DE SAUDE/UNIDADE BASICA,,016 AMBULATORIO,PÚBLICO,1023 ORGAO PUBLICO DO PODER EXECUTIVO ESTADUAL OU DO DISTRITO FEDERAL,ESTADUAL,SIM,AMBULATORIAL - 02 MEDIA COMPLEXIDADE,"06 ATENDIMENTO CONTINUO DE 24 HORAS/DIA (PLANTAO:INCLUI SABADOS, DOMINGOS E FERIADOS)",-,-,ATIVO,BR 135 KM 15 - S/N,,(098) 3241-9875,65095-603,PEDRINHAS,,JESSICA TARINNY PEREIRA MARQUES,20/01/2012,-,"-2.53,-44.297",-2.53,-44.297
2026,2026/04,NORDESTE,MA,211130,SAO LUIS,2876175,CENTRO DE SAUDE BAIRRO DE FATIMA,MUNICIPIO DE SAO LUIS SECRETARIA MUNICIPAL DE SAUDE,,05.760.293/0001-29,012 ATENCAO BASICA,SUS|AMBULATORIAL,02 CENTRO DE SAUDE/UNIDADE BASICA,,001 UNIDADE BASICA DE SAUDE,PÚBLICO,1031 ORGAO PUBLICO DO PODER EXECUTIVO MUNICIPAL,MUNICIPAL,SIM,AMBULATORIAL - 01 ATENCAO BASICA,03 ATENDIMENTOS NOS TURNOS DA MANHA E A TARDE,-,-,ATIVO,RUA DA LIBERDADE - 76,,,65010-000,FATIMA,emillyruahma1999@gmail.com,EMILY RUAHMA ALMEIDA RODRIGUES,07/04/2022,-,"-2.53434,-44.29292",-2.53434,-44.29292
2026,2026/04,NORDESTE,MA,211130,SAO LUIS,3365816,CENTRO DE SAUDE DR ANTONIO GUANARE,FUNDO MUNICIPAL DE SAUDE,,05.760.293/0001-29,012 ATENCAO BASICA,SUS|AMBULATORIAL,02 CENTRO DE SAUDE/UNIDADE BASICA,,001 UNIDADE BASICA DE SAUDE,PÚBLICO,1031 ORGAO PUBLICO DO PODER EXECUTIVO MUNICIPAL,MUNICIPAL,SIM,"AMBULATORIAL - 01 ATENCAO BASICA, AMBULATORIAL - 02 MEDIA COMPLEXIDADE",03 ATENDIMENTOS NOS TURNOS DA MANHA E A TARDE,-,-,ATIVO,RUA DA VITORIA - S/N,,(98)32711014,65040-210,COROADINHO,csantonioguanare@gmail.com,IVONETE FRAZAO MENDES LINDOSO,04/01/2005,-,"-2.567433944452719,-44.2691215926497",-2.567433944452719,-44.2691215926497
2026,2026/04,NORDESTE,MA,211130,SAO LUIS,2308479,CENTRO DE SAUDE THALLES RIBEIRO GONCALVES,SECRETARIA MUNICIPAL DE SAUDE,,05.760.293/0001-29,012 ATENCAO BASICA,SUS|AMBULATORIAL,02 CENTRO DE SAUDE/UNIDADE BASICA,,001 UNIDADE BASICA DE SAUDE,PÚBLICO,1031 ORGAO PUBLICO DO PODER EXECUTIVO MUNICIPAL,MUNICIPAL,SIM,"AMBULATORIAL - 01 ATENCAO BASICA, AMBULATORIAL - 02 MEDIA COMPLEXIDADE",03 ATENDIMENTOS NOS TURNOS DA MANHA E A TARDE,-,-,ATIVO,RUA NOSSA SENHORA DA CONCEICAO - S/N,,,65010-000,VILA ESPERANCA,,RAYNA GABRIELA MACAU DA SILVA,30/10/2001,-,"-2.616569659216252,-44.25713656676083",-2.616569659216252,-44.25713656676083
2026,2026/04,NORDESTE,MA,211130,SAO LUIS,2645815,UNIDADE DE SAUDE DA FAMILIA PIRAPORA,SECRETARIA MUNICIPAL DE SAUDE,,05.760.293/0001-29,012 ATENCAO BASICA,SUS|AMBULATORIAL,02 CENTRO DE SAUDE/UNIDADE BASICA,,001 UNIDADE BASICA DE SAUDE,PÚBLICO,1031 ORGAO PUBLICO DO PODER EXECUTIVO MUNICIPAL,MUNICIPAL,SIM,"AMBULATORIAL - 01 ATENCAO BASICA, AMBULATORIAL - 02 MEDIA COMPLEXIDADE",03 ATENDIMENTOS NOS TURNOS DA MANHA E A TARDE,-,-,ATIVO,AV SANTOS DUMONT QUADRA D - S/N,PARQUE SERLANDIA,,65010-000,TIRIRICAL,adricaferreirac@gmail.com,ADRIANA FERREIRA COSTA,25/11/2002,-,"-2.5591946597214275,-44.23850729042951",-2.5591946597214275,-44.23850729042951
2026,2026/04,NORDESTE,MA,211130,SAO LUIS,6120520,CENTRO DE SAUDE JANAINA,SECRETARIA MUNICIPAL DE SAUDE,,05.760.293/0001-29,012 ATENCAO BASICA,SUS|AMBULATORIAL,02 CENTRO DE SAUDE/UNIDADE BASICA,,001 UNIDADE BASICA DE SAUDE,PÚBLICO,1031 ORGAO PUBLICO DO PODER EXECUTIVO MUNICIPAL,MUNICIPAL,SIM,"AMBULATORIAL - 01 ATENCAO BASICA, AMBULATORIAL - 02 MEDIA COMPLEXIDADE",03 ATENDIMENTOS NOS TURNOS DA MANHA E A TARDE,-,-,ATIVO,RUA CAFETEIRA - 01,,,65050-420,VILA JANAINA,raysa_mayara@hotmail.com,RAYSA MAYARA DOS SANTOS REIS,23/01/2009,-,"-2.593683,-44.1900901",-2.593683,-44.1900901
2026,2026/04,NORDESTE,MA,211130,SAO LUIS,978841,CENTRO DE SAUDE DIVINEIA,MUNICIPIO DE SAO LUIS SECRETARIA MUNICIPAL DE SAUDE,,05.760.293/0001-29,012 ATENCAO BASICA,SUS|AMBULATORIAL,02 CENTRO DE SAUDE/UNIDADE BASICA,,001 UNIDADE BASICA DE SAUDE,PÚBLICO,1031 ORGAO PUBLICO DO PODER EXECUTIVO MUNICIPAL,MUNICIPAL,SIM,AMBULATORIAL - 01 ATENCAO BASICA,03 ATENDIMENTOS NOS TURNOS DA MANHA E A TARDE,-,-,ATIVO,AVENIDA MAHIBA AZAR - 02,QD G,,65065-250,JARDIM AMERICA OLHOD,csdivineia@gmail.com,SAMIA DJANA AMARAL CANTANHEDE,05/01/2022,-,"-2.4907569539911787,-44.220893264233084",-2.4907569539911787,-44.220893264233084
2026,2026/04,NORDESTE,MA,211130,SAO LUIS,4096584,PENITENCIARIA REGIONAL DE SAO LUIS PRSLZ,SECRETARIA DE ESTADO DE ADMINISTRACAO PENITENCIARIA SEAP,,13.127.340/0001-20,001 CONSULTA AMBULATORIAL,SUS|AMBULATORIAL,02 CENTRO DE SAUDE/UNIDADE BASICA,,016 AMBULATORIO,PÚBLICO,1023 ORGAO PUBLICO DO PODER EXECUTIVO ESTADUAL OU DO DISTRITO FEDERAL,ESTADUAL,SIM,"AMBULATORIAL - 01 ATENCAO BASICA, AMBULATORIAL - 02 MEDIA COMPLEXIDADE",03 ATENDIMENTOS NOS TURNOS DA MANHA E A TARDE,-,-,ATIVO,BR 135 K16 - S/N,,,65095-603,PEDRINHAS,,FABIO HENRIQUE DA COSTA SANTOS,14/02/2023,-,"-2.53,-44.297",-2.53,-44.297
2026,2026/04,NORDESTE,MA,211130,SAO LUIS,2697963,CENTRO DE SAUDE DA LIBERDADE,SECRETARIA MUNICIPAL DE SAUDE,,05.760.293/0001-29,012 ATENCAO BASICA,"SUS|AMBULATORIAL, SUS|SADT",02 CENTRO DE SAUDE/UNIDADE BASICA,,001 UNIDADE BASICA DE SAUDE,PÚBLICO,1031 ORGAO PUBLICO DO PODER EXECUTIVO MUNICIPAL,MUNICIPAL,SIM,"AMBULATORIAL - 01 ATENCAO BASICA, AMBULATORIAL - 02 MEDIA COMPLEXIDADE",03 ATENDIMENTOS NOS TURNOS DA MANHA E A TARDE,-,-,ATIVO,RUA MACHADO DE ASSIS - S/N,,,65035-380,LIBERDADE,andressacosta.cst@gmail.com,ANDRESSA COSTA CASTRO,03/09/2003,-,"-2.532013472402714,-44.284235611073655",-2.532013472402714,-44.284235611073655
2026,2026/04,NORDESTE,MA,211130,SAO LUIS,842761,CENTRO DE SAUDE IPASE,MUNICIPIO DE SAO LUIS SECRETARIA MUNICIPAL DE SAUDE,,05.760.293/0001-29,012 ATENCAO BASICA,SUS|AMBULATORIAL,02 CENTRO DE SAUDE/UNIDADE BASICA,,001 UNIDADE BASICA DE SAUDE,PÚBLICO,1031 ORGAO PUBLICO DO PODER EXECUTIVO MUNICIPAL,MUNICIPAL,SIM,"AMBULATORIAL - 01 ATENCAO BASICA, AMBULATORIAL - 02 MEDIA COMPLEXIDADE",03 ATENDIMENTOS NOS TURNOS DA MANHA E A TARDE,-,-,ATIVO,RUA MANOEL BANDEIRA - 02,QD F,,65061-031,IPASE,psipase21@gmail.com,RAILDES ASSUNCAO DE MARIA MOTA DURANS,01/08/2021,-,"-2.533015801516556,-44.25786260617122",-2.533015801516556,-44.25786260617122
2026,2026/04,NORDESTE,MA,211130,SAO LUIS,2458721,CENTRO DE SAUDE MARACANA,SECRETARIA MUNICIPAL DE SAUDE,,05.760.293/0001-29,012 ATENCAO BASICA,SUS|AMBULATORIAL,02 CENTRO DE SAUDE/UNIDADE BASICA,,001 UNIDADE BASICA DE SAUDE,PÚBLICO,1031 ORGAO PUBLICO DO PODER EXECUTIVO MUNICIPAL,MUNICIPAL,SIM,"AMBULATORIAL - 01 ATENCAO BASICA, AMBULATORIAL - 02 MEDIA COMPLEXIDADE",03 ATENDIMENTOS NOS TURNOS DA MANHA E A TARDE,-,-,ATIVO,AV ROS MOCHEL - S/N,,(098) 3241-7604,65095-000,MARACANA,df3543407@gmail.com,DAYANE FERREIRA MOREIRA NOGUEIRA,01/04/2004,-,"-2.6288334914005893,-44.28944528630167",-2.6288334914005893,-44.28944528630167
2026,2026/04,NORDESTE,MA,211130,SAO LUIS,2310007,CENTRO DE SAUDE SAO CRISTOVAO,SECRETARIA MUNICIPAL DE SAUDE,,05.760.293/0001-29,012 ATENCAO BASICA,SUS|AMBULATORIAL,02 CENTRO DE SAUDE/UNIDADE BASICA,,001 UNIDADE BASICA DE SAUDE,PÚBLICO,1031 ORGAO PUBLICO DO PODER EXECUTIVO MUNICIPAL,MUNICIPAL,SIM,"AMBULATORIAL - 01 ATENCAO BASICA, AMBULATORIAL - 02 MEDIA COMPLEXIDADE",03 ATENDIMENTOS NOS TURNOS DA MANHA E A TARDE,-,-,ATIVO,TRAVESSA CAMPO DO ESTRELA - S/N,,(98) 2588177,65055-070,SAO CRISTOVO,postocssaocristovao@gmail.com,ALANA CAROLINE CABRAL LINHARES,30/10/2001,-,"-2.5750220185217603,-44.239689722046315",-2.5750220185217603,-44.239689722046315
2026,2026/04,NORDESTE,MA,211130,SAO LUIS,2309319,CENTRO DE SAUDE VILA NOVA,SECRETARIA MUNICIPAL DE SAUDE,,05.760.293/0001-29,012 ATENCAO BASICA,SUS|AMBULATORIAL,02 CENTRO DE SAUDE/UNIDADE BASICA,,001 UNIDADE BASICA DE SAUDE,PÚBLICO,1031 ORGAO PUBLICO DO PODER EXECUTIVO MUNICIPAL,MUNICIPAL,SIM,"AMBULATORIAL - 01 ATENCAO BASICA, AMBULATORIAL - 02 MEDIA COMPLEXIDADE",03 ATENDIMENTOS NOS TURNOS DA MANHA E A TARDE,-,-,ATIVO,PRACA RAIMUNDO DE SOUSA GOMES - S/N,,,65080-350,VILA NOVA,,LENICE VIANA LEAL,30/10/2001,-,"-2.5381790397959607,-44.32781114637143",-2.5381790397959607,-44.32781114637143
2026,2026/04,NORDESTE,MA,211130,SAO LUIS,3173852,UNIDADE DE SAUDE DA FAMILIA DO SAO FRANCISCO,SECRETARIA MUNICIPAL DE SAUDE,,05.760.293/0001-29,012 ATENCAO BASICA,"SUS|AMBULATORIAL, SUS|SADT",02 CENTRO DE SAUDE/UNIDADE BASICA,,001 UNIDADE BASICA DE SAUDE,PÚBLICO,1031 ORGAO PUBLICO DO PODER EXECUTIVO MUNICIPAL,MUNICIPAL,SIM,"AMBULATORIAL - 01 ATENCAO BASICA, AMBULATORIAL - 02 MEDIA COMPLEXIDADE",03 ATENDIMENTOS NOS TURNOS DA MANHA E A TARDE,-,-,ATIVO,RUA PAPARAUBAS LOTE 31 - S/N,QD 13,,65010-000,SAO FRANCISCO,maedelara@hotmail.com,ANA MICHELLE PEREIRA DUAILIBE,19/04/2005,-,"-2.514025469438862,-44.29918743479592",-2.514025469438862,-44.29918743479592
2026,2026/04,NORDESTE,MA,211130,SAO LUIS,2530562,CENTRO DE SAUDE NAZARE NEIVA,SECRETARIA MUNICIPAL DE SAUDE,,05.760.293/0001-29,012 ATENCAO BASICA,SUS|AMBULATORIAL,02 CENTRO DE SAUDE/UNIDADE BASICA,,001 UNIDADE BASICA DE SAUDE,PÚBLICO,1031 ORGAO PUBLICO DO PODER EXECUTIVO MUNICIPAL,MUNICIPAL,SIM,"AMBULATORIAL - 01 ATENCAO BASICA, AMBULATORIAL - 02 MEDIA COMPLEXIDADE",03 ATENDIMENTOS NOS TURNOS DA MANHA E A TARDE,-,-,ATIVO,RUA 15 - S/N,,,65010-000,SAO RAIMUNDO,luenfermeira1@hotmail.com,LUCIANA RODRIGUES DA SILVA,12/03/2002,-,"-2.5962414609400812,-44.22913070437666",-2.5962414609400812,-44.22913070437666
2026,2026/04,NORDESTE,MA,211130,SAO LUIS,7152744,NUCLEO DE ASSISTENCIA DE SAUDE NAS,SEC DE JUSTICA E ADMINISTRACAO PREVIDENCIARIA,,13.127.340/0001-20,001 CONSULTA AMBULATORIAL,"SUS|AMBULATORIAL, SUS|SADT",02 CENTRO DE SAUDE/UNIDADE BASICA,,016 AMBULATORIO,PÚBLICO,1023 ORGAO PUBLICO DO PODER EXECUTIVO ESTADUAL OU DO DISTRITO FEDERAL,ESTADUAL,SIM,AMBULATORIAL - 02 MEDIA COMPLEXIDADE,"04 ATENDIMENTO NOS TURNOS DA MANHA, TARDE E NOITE",-,-,ATIVO,BR 135 KM 14 - S/N,,98 3276 0891,65095-603,PEDRINHAS,,SIMEAO DE SA BRANDAO NETO,12/12/2012,-,"-2.53,-44.297",-2.53,-44.297
2026,2026/04,NORDESTE,MA,211130,SAO LUIS,3173828,CENTRO DE SAUDE FABICIANA DE MORAES,SECRETARIA MUNICIPAL DE SAUDE,,05.760.293/0001-29,012 ATENCAO BASICA,SUS|AMBULATORIAL,02 CENTRO DE SAUDE/UNIDADE BASICA,,001 UNIDADE BASICA DE SAUDE,PÚBLICO,1031 ORGAO PUBLICO DO PODER EXECUTIVO MUNICIPAL,MUNICIPAL,SIM,"AMBULATORIAL - 01 ATENCAO BASICA, AMBULATORIAL - 02 MEDIA COMPLEXIDADE",03 ATENDIMENTOS NOS TURNOS DA MANHA E A TARDE,-,-,ATIVO,RUA 03 QDA 07 HAB NICE LOBAO - S/N,,,65010-000,SAO LUIS,csfabicianademoraes@gmail.com,EQUILMA PEREIRA GONCALVES,19/04/2005,-,"-2.5870659296069776,-44.206653517522724",-2.5870659296069776,-44.206653517522724
2026,2026/04,NORDESTE,MA,211130,SAO LUIS,2698013,CENTRO DE SAUDE GENESIO RAMOS FILHO,SECRETARIA MUNICIPAL DE SAUDE,,05.760.293/0001-29,012 ATENCAO BASICA,SUS|AMBULATORIAL,02 CENTRO DE SAUDE/UNIDADE BASICA,,001 UNIDADE BASICA DE SAUDE,PÚBLICO,1031 ORGAO PUBLICO DO PODER EXECUTIVO MUNICIPAL,MUNICIPAL,SIM,"AMBULATORIAL - 01 ATENCAO BASICA, AMBULATORIAL - 02 MEDIA COMPLEXIDADE",03 ATENDIMENTOS NOS TURNOS DA MANHA E A TARDE,-,-,ATIVO,RUA 13 - S/N,,,65050-000,COHAB ANIL,,ROSANA BELFORT SILVA E SOUZA,03/09/2003,-,"-2.5416759185772593,-44.21563090275801",-2.5416759185772593,-44.21563090275801
2026,2026/04,NORDESTE,MA,211130,SAO LUIS,4091418,UNIDADE PRISIONAL DE RESSOCIALIZACAO DE SAO LUIS UPR 6,SECRETARIA DE ESTADO DE ADMINISTRACAO PENITENCIARIA SEAP,,13.127.340/0001-20,001 CONSULTA AMBULATORIAL,"SUS|AMBULATORIAL, SUS|SADT",02 CENTRO DE SAUDE/UNIDADE BASICA,,016 AMBULATORIO,PÚBLICO,1023 ORGAO PUBLICO DO PODER EXECUTIVO ESTADUAL OU DO DISTRITO FEDERAL,ESTADUAL,SIM,"AMBULATORIAL - 01 ATENCAO BASICA, AMBULATORIAL - 02 MEDIA COMPLEXIDADE",03 ATENDIMENTOS NOS TURNOS DA MANHA E A TARDE,-,-,ATIVO,BR 135 KM 13 - 1,,,65095-603,PEDRINHAS,,RAYMUNDA AURELIA SOUSA CARNEIRO,14/02/2023,-,"-2.531,-44.297",-2.531,-44.297
2026,2026/04,NORDESTE,MA,211130,SAO LUIS,7071116,CENTRO DE SAUDE DRA VALDECY ELEOTERIA MARTINS,FUNDO MUNICIPAL DE SAUDE,,05.760.293/0001-29,012 ATENCAO BASICA,SUS|AMBULATORIAL,02 CENTRO DE SAUDE/UNIDADE BASICA,,001 UNIDADE BASICA DE SAUDE,PÚBLICO,1031 ORGAO PUBLICO DO PODER EXECUTIVO MUNICIPAL,MUNICIPAL,SIM,AMBULATORIAL - 01 ATENCAO BASICA,03 ATENDIMENTOS NOS TURNOS DA MANHA E A TARDE,-,-,ATIVO,AV PRINCIPAL - S/N,,,65010-000,RESIDENCIAL PARAISO,dra.carliele30@gmail.com,CARLIELI SOUSA DOS SANTOS,19/08/2012,-,"-2.5696933044785073,-44.299453578023545",-2.5696933044785073,-44.299453578023545
2026,2026/04,NORDESTE,MA,211130,SAO LUIS,666394,CENTRO DE SAUDE BARRETO,MUNICIPIO DE SAO LUIS SECRETARIA MUNICIPAL DE SAUDE,,05.760.293/0001-29,012 ATENCAO BASICA,SUS|AMBULATORIAL,02 CENTRO DE SAUDE/UNIDADE BASICA,,001 UNIDADE BASICA DE SAUDE,PÚBLICO,1031 ORGAO PUBLICO DO PODER EXECUTIVO MUNICIPAL,MUNICIPAL,SIM,AMBULATORIAL - 01 ATENCAO BASICA,03 ATENDIMENTOS NOS TURNOS DA MANHA E A TARDE,-,-,ATIVO,RUA SAO DOMINGOS - S/N,,,65041-380,BARRETO,daniellisantoscoutinho7@gmail.com,DANIELLI SANTOS COUTINHO,12/04/2021,-,"-2.5441470641804442,-44.260393605219626",-2.5441470641804442,-44.260393605219626
2026,2026/04,NORDESTE,MA,211130,SAO LUIS,2310058,CLINICA DA FAMILIA DO TURU,SECRETARIA MUNICIPAL DE SAUDE,,05.760.293/0001-29,012 ATENCAO BASICA,"SUS|AMBULATORIAL, SUS|SADT",02 CENTRO DE SAUDE/UNIDADE BASICA,,001 UNIDADE BASICA DE SAUDE,PÚBLICO,1031 ORGAO PUBLICO DO PODER EXECUTIVO MUNICIPAL,MUNICIPAL,SIM,"AMBULATORIAL - 01 ATENCAO BASICA, AMBULATORIAL - 02 MEDIA COMPLEXIDADE",03 ATENDIMENTOS NOS TURNOS DA MANHA E A TARDE,-,-,ATIVO,AVENIDA 7 - S/N,,(98)2128461,65065-760,TURU,,CAMILA GONCALVES ROLIM,30/10/2001,-,"-2.5026525370397623,-44.22295266510974",-2.5026525370397623,-44.22295266510974
2026,2026/04,NORDESTE,MA,211130,SAO LUIS,2456818,CENTRO DE SAUDE YVES PARGA,SECRETARIA MUNICIPAL DE SAUDE,,05.760.293/0001-29,012 ATENCAO BASICA,"SUS|AMBULATORIAL, SUS|SADT",02 CENTRO DE SAUDE/UNIDADE BASICA,,001 UNIDADE BASICA DE SAUDE,PÚBLICO,1031 ORGAO PUBLICO DO PODER EXECUTIVO MUNICIPAL,MUNICIPAL,SIM,"AMBULATORIAL - 01 ATENCAO BASICA, AMBULATORIAL - 02 MEDIA COMPLEXIDADE",03 ATENDIMENTOS NOS TURNOS DA MANHA E A TARDE,-,-,ATIVO,RUA PRINCIPAL BR 135 - S/N,KM 18,,65095-000,VILA MARANHAO,,RADAMES SUATHE BERREDO,01/04/2004,-,"-2.6249740326243627,-44.31612314242039",-2.6249740326243627,-44.31612314242039
2026,2026/04,NORDESTE,MA,211130,SAO LUIS,7261136,CENTRO DE SAUDE COQUILHO,SECRETARIA MUNICIPAL DE SAUDE,,05.760.293/0001-29,012 ATENCAO BASICA,SUS|AMBULATORIAL,02 CENTRO DE SAUDE/UNIDADE BASICA,,001 UNIDADE BASICA DE SAUDE,PÚBLICO,1031 ORGAO PUBLICO DO PODER EXECUTIVO MUNICIPAL,MUNICIPAL,SIM,AMBULATORIAL - 01 ATENCAO BASICA,03 ATENDIMENTOS NOS TURNOS DA MANHA E A TARDE,-,-,ATIVO,AVENIDA PRINCIPAL 10 A - 10,,,65010-000,VILA COQUILHO,,ROSENILDE DA CONCEICAO BATALHA LOPES,16/06/2013,-,"-2.6666776926751954,-44.18716860704473",-2.6666776926751954,-44.18716860704473
2026,2026/04,NORDESTE,MA,211130,SAO LUIS,2309300,CENTRO DE SAUDE SALOMAO FIQUENE,SECRETARIA MUNICIPAL DE SAUDE,,05.760.293/0001-29,012 ATENCAO BASICA,"SUS|AMBULATORIAL, SUS|SADT",02 CENTRO DE SAUDE/UNIDADE BASICA,,001 UNIDADE BASICA DE SAUDE,PÚBLICO,1031 ORGAO PUBLICO DO PODER EXECUTIVO MUNICIPAL,MUNICIPAL,SIM,"AMBULATORIAL - 01 ATENCAO BASICA, AMBULATORIAL - 02 MEDIA COMPLEXIDADE",03 ATENDIMENTOS NOS TURNOS DA MANHA E A TARDE,-,-,ATIVO,AVENIDA LESTE OESTE - S/N,,,65052-020,COHATRAC II,,KATIUSCIA MARY SILVA PRADO,30/10/2001,-,"-2.5385422,-44.2031532",-2.5385422,-44.2031532
2026,2026/04,NORDESTE,MA,211130,SAO LUIS,724203,UBS VEREADOR BATISTA MATOS ALEMANHA,MUNICIPIO DE SAO LUIS SECRETARIA MUNICIPAL DE SAUDE,,05.760.293/0001-29,012 ATENCAO BASICA,SUS|AMBULATORIAL,02 CENTRO DE SAUDE/UNIDADE BASICA,,001 UNIDADE BASICA DE SAUDE,PÚBLICO,1031 ORGAO PUBLICO DO PODER EXECUTIVO MUNICIPAL,MUNICIPAL,SIM,AMBULATORIAL - 01 ATENCAO BASICA,03 ATENDIMENTOS NOS TURNOS DA MANHA E A TARDE,-,-,ATIVO,RUA JOSE SEVEIRA - 05,,,65036-190,ALEMANHA,,KENIA SILENE SOUZA PEREIRA DA ROCHA,16/05/2021,-,"-2.537397959475597,-44.26955970058099",-2.537397959475597,-44.26955970058099
2026,2026/04,NORDESTE,MA,211130,SAO LUIS,6929370,UNIDADE PRISIONAL DE RESSOCIALIZACAO FEMININA,ESTADO DO MARANHAO SECRETARIA DE ESTADO DA JUSTICA E DA AD,,13.127.340/0001-20,001 CONSULTA AMBULATORIAL,SUS|AMBULATORIAL,02 CENTRO DE SAUDE/UNIDADE BASICA,,016 AMBULATORIO,PÚBLICO,1023 ORGAO PUBLICO DO PODER EXECUTIVO ESTADUAL OU DO DISTRITO FEDERAL,ESTADUAL,SIM,AMBULATORIAL - 02 MEDIA COMPLEXIDADE,"06 ATENDIMENTO CONTINUO DE 24 HORAS/DIA (PLANTAO:INCLUI SABADOS, DOMINGOS E FERIADOS)",-,-,ATIVO,BR 135 KM 15 - S/N,,(098) 3264-7202,65095-603,PEDRINHAS,,MARIA APARECIDA SILVA FRANCO,20/01/2012,-,"-2.5318,-44.2979",-2.5318,-44.2979
2026,2026/04,NORDESTE,MA,211130,SAO LUIS,2309998,CENTRO DE SAUDE BEZERRA DE MENESES,SECRETARIA MUNICIPAL DE SAUDE,,05.760.293/0001-29,012 ATENCAO BASICA,SUS|AMBULATORIAL,02 CENTRO DE SAUDE/UNIDADE BASICA,,001 UNIDADE BASICA DE SAUDE,PÚBLICO,1031 ORGAO PUBLICO DO PODER EXECUTIVO MUNICIPAL,MUNICIPAL,SIM,"AMBULATORIAL - 01 ATENCAO BASICA, AMBULATORIAL - 02 MEDIA COMPLEXIDADE",03 ATENDIMENTOS NOS TURNOS DA MANHA E A TARDE,-,-,ATIVO,RUA 02 - S/N,,(98) 2117279,65076-340,SAO FRANCISCO,csbezerrademenezes@gmail.com,DERLANE FERREIRA DE SOUZA,30/10/2001,-,"-2.5080751335182407,-44.30472964280755",-2.5080751335182407,-44.30472964280755
2026,2026/04,NORDESTE,MA,211130,SAO LUIS,2645769,UNIDADE DE SAUDE DA FAMILIA VILA SARNEY,SECRETARIA MUNICIPAL DE SAUDE,,05.760.293/0001-29,012 ATENCAO BASICA,SUS|AMBULATORIAL,02 CENTRO DE SAUDE/UNIDADE BASICA,,001 UNIDADE BASICA DE SAUDE,PÚBLICO,1031 ORGAO PUBLICO DO PODER EXECUTIVO MUNICIPAL,MUNICIPAL,SIM,"AMBULATORIAL - 01 ATENCAO BASICA, AMBULATORIAL - 02 MEDIA COMPLEXIDADE",03 ATENDIMENTOS NOS TURNOS DA MANHA E A TARDE,-,-,ATIVO,BR 135 KM 07 - S/N,,(098) 3241-1833,65095-602,VILA SARNEY,mayara_crys15@hotmail.com,MAYARA CRISTINA ARAUJO SOUSA DURANS,25/11/2002,-,"-2.633672577761528,-44.27067144564561",-2.633672577761528,-44.27067144564561
2026,2026/04,NORDESTE,MA,211130,SAO LUIS,3827402,CENTRO DE SAUDE GAPARA,SECRETARIA MUNICIPAL DE SAUDE,,05.760.293/0001-29,012 ATENCAO BASICA,SUS|AMBULATORIAL,02 CENTRO DE SAUDE/UNIDADE BASICA,,001 UNIDADE BASICA DE SAUDE,PÚBLICO,1031 ORGAO PUBLICO DO PODER EXECUTIVO MUNICIPAL,MUNICIPAL,SIM,"AMBULATORIAL - 01 ATENCAO BASICA, AMBULATORIAL - 02 MEDIA COMPLEXIDADE",03 ATENDIMENTOS NOS TURNOS DA MANHA E A TARDE,-,-,ATIVO,RUA PROJETADA - S/N,,(098) 3242-3656,65010-000,GAPARA,csgapara@gmail.com,PEDRO AUGUSTO TAVARES DA MOTA,28/07/2006,-,"-2.5891820233812384,-44.30337128426681",-2.5891820233812384,-44.30337128426681
2026,2026/04,NORDESTE,MA,211130,SAO LUIS,948357,CENTRO ATENDIMENTO A PESSOA COM HIPERTENSAO E DIABETES,MUNICIPIO DE SAO LUIS SECRETARIA MUNICIPAL DE SAUDE,,05.760.293/0001-29,012 ATENCAO BASICA,"SUS|AMBULATORIAL, SUS|SADT",02 CENTRO DE SAUDE/UNIDADE BASICA,,001 UNIDADE BASICA DE SAUDE,PÚBLICO,1031 ORGAO PUBLICO DO PODER EXECUTIVO MUNICIPAL,MUNICIPAL,SIM,"AMBULATORIAL - 01 ATENCAO BASICA, AMBULATORIAL - 02 MEDIA COMPLEXIDADE",03 ATENDIMENTOS NOS TURNOS DA MANHA E A TARDE,-,-,ATIVO,RUA MACHADO DE ASSIS - S/N,,98 991509827,65035-280,LIBERDADE,,CYDIANNY DE JESUS MENDES COSTA,27/11/2021,-,"-2.5320009582626817,-44.284380426048145",-2.5320009582626817,-44.284380426048145
2026,2026/04,NORDESTE,MA,211130,SAO LUIS,2309262,CENTRO DE SAUDE DE PEDRINHAS I,SECRETARIA MUNICIPAL DE SAUDE,,05.760.293/0001-29,012 ATENCAO BASICA,SUS|AMBULATORIAL,02 CENTRO DE SAUDE/UNIDADE BASICA,,001 UNIDADE BASICA DE SAUDE,PÚBLICO,1031 ORGAO PUBLICO DO PODER EXECUTIVO MUNICIPAL,MUNICIPAL,SIM,"AMBULATORIAL - 01 ATENCAO BASICA, AMBULATORIAL - 02 MEDIA COMPLEXIDADE",03 ATENDIMENTOS NOS TURNOS DA MANHA E A TARDE,-,-,ATIVO,BR 135 KM 13 - S/N,,,65095-603,PEDRINHAS,,ALLYSON WILLEAM CHAGAS REGO,02/06/2004,-,"-2.6812242024804758,-44.29551530203929",-2.6812242024804758,-44.29551530203929
2026,2026/04,NORDESTE,MA,211130,SAO LUIS,2645890,CENTRO DE SAUDE IPEM SAO CRISTOVAO,SECRETARIA MUNICIPAL DE SAUDE,,05.760.293/0001-29,012 ATENCAO BASICA,SUS|AMBULATORIAL,02 CENTRO DE SAUDE/UNIDADE BASICA,,001 UNIDADE BASICA DE SAUDE,PÚBLICO,1031 ORGAO PUBLICO DO PODER EXECUTIVO MUNICIPAL,MUNICIPAL,SIM,"AMBULATORIAL - 01 ATENCAO BASICA, AMBULATORIAL - 02 MEDIA COMPLEXIDADE",03 ATENDIMENTOS NOS TURNOS DA MANHA E A TARDE,-,-,ATIVO,RUA JERUSALEM QUADRA 210 - 16,,,65055-380,JARDIM SAO CRISTOVAO,italoestrela@gmail.com,ITALO MATEUS PEREIRA ESTRELA,25/11/2002,-,"-2.5683810749773306,-44.2177699046536",-2.5683810749773306,-44.2177699046536
2026,2026/04,NORDESTE,MA,211130,SAO LUIS,2458179,CENTRO DE SAUDE VILA ITAMAR,SECRETARIA MUNICIPAL DE SAUDE,,05.760.293/0001-29,012 ATENCAO BASICA,SUS|AMBULATORIAL,02 CENTRO DE SAUDE/UNIDADE BASICA,,001 UNIDADE BASICA DE SAUDE,PÚBLICO,1031 ORGAO PUBLICO DO PODER EXECUTIVO MUNICIPAL,MUNICIPAL,SIM,"AMBULATORIAL - 01 ATENCAO BASICA, AMBULATORIAL - 02 MEDIA COMPLEXIDADE",03 ATENDIMENTOS NOS TURNOS DA MANHA E A TARDE,-,-,ATIVO,RUA 2 - S/N,,(098) 3258-1484,65055-060,VILA ITAMAR,,SILVIA CRISTINA DUTRA LOPES DO ESPIRITO SANTO,01/03/2004,-,"-2.5945898802723306,-44.2469786789376",-2.5945898802723306,-44.2469786789376
2026,2026/04,NORDESTE,MA,211130,SAO LUIS,7798342,CENTRO DE SAUDE DR EXPEDITO ALVES DE MELO,MUNICIPIO DE SAO LUIS SECRETARIA MUNICIPAL DE SAUDE,,05.760.293/0001-29,012 ATENCAO BASICA,"SUS|AMBULATORIAL, SUS|SADT",02 CENTRO DE SAUDE/UNIDADE BASICA,,001 UNIDADE BASICA DE SAUDE,PÚBLICO,1031 ORGAO PUBLICO DO PODER EXECUTIVO MUNICIPAL,MUNICIPAL,SIM,AMBULATORIAL - 01 ATENCAO BASICA,03 ATENDIMENTOS NOS TURNOS DA MANHA E A TARDE,-,-,ATIVO,AVENIDA BRASIL - S/N,QUADRA 12,,65010-000,RESIDENCIAL ALEXANDR,nonatopauloalves@gmail.com,TAYNARA COELHO DE CARVALHO,25/08/2015,-,"-2.6063256554369416,-44.18797068770254",-2.6063256554369416,-44.18797068770254
